{"cameraMode":{"drawMode":0,"name":"Shaded","section":"Shading Mode"},"sceneLighting":true,"audioPlay":false,"sceneViewState":{"showFog":true,"showMaterialUpdate":true,"showSkybox":true,"showFlares":true,"showImageEffects":true,"showParticleSystems":true},"in2DMode":false,"pivot":{"x":-5.3379974365234379,"y":-0.39080810546875,"z":3.9821929931640627},"rotation":{"x":-0.05234324187040329,"y":0.6935030817985535,"z":-0.05064460262656212,"w":-0.7167627811431885},"size":31.57672882080078,"orthographic":false}